f	auc_jc	auc_dp	auc_sp
0.25	0.488095238095238	0.48273809523809524	0.4839285714285713
0.5	0.44089285714285714	0.5130357142857145	0.4385714285714286
0.75	0.3607142857142857	0.5471428571428574	0.41535714285714287
